target_review_id,reference,passage_stratum,condition,observations,end_to_end_successes,architecture_adherent_rate,final_output_successes,final_output_exact_rate,parser_adjusted_successes,parser_adjusted_rate
T001,John 3:16,explicit_single_verse,deterministic_rendering,108,96.0,0.888889,107.0,0.990741,107.0,0.990741
T001,John 3:16,explicit_single_verse,native_parametric,108,38.0,0.351852,38.0,0.351852,38.0,0.351852
T001,John 3:16,explicit_single_verse,source_supplied,108,106.0,0.981481,106.0,0.981481,106.0,0.981481
T001,John 3:16,explicit_single_verse,tool_mediated,108,104.0,0.962963,105.0,0.972222,104.0,0.962963
T002,Genesis 1:1,explicit_single_verse,deterministic_rendering,108,94.0,0.87037,100.0,0.925926,100.0,0.925926
T002,Genesis 1:1,explicit_single_verse,native_parametric,108,55.0,0.509259,55.0,0.509259,55.0,0.509259
T002,Genesis 1:1,explicit_single_verse,source_supplied,108,108.0,1.0,108.0,1.0,108.0,1.0
T002,Genesis 1:1,explicit_single_verse,tool_mediated,108,80.0,0.740741,84.0,0.777778,80.0,0.740741
T003,Romans 8:28,explicit_single_verse,deterministic_rendering,108,93.0,0.861111,99.0,0.916667,99.0,0.916667
T003,Romans 8:28,explicit_single_verse,native_parametric,108,61.0,0.564815,61.0,0.564815,61.0,0.564815
T003,Romans 8:28,explicit_single_verse,source_supplied,108,106.0,0.981481,106.0,0.981481,106.0,0.981481
T003,Romans 8:28,explicit_single_verse,tool_mediated,108,89.0,0.824074,98.0,0.907407,89.0,0.824074
T004,Hebrews 11:1,explicit_single_verse,deterministic_rendering,108,102.0,0.944444,108.0,1.0,108.0,1.0
T004,Hebrews 11:1,explicit_single_verse,native_parametric,108,60.0,0.555556,60.0,0.555556,60.0,0.555556
T004,Hebrews 11:1,explicit_single_verse,source_supplied,108,108.0,1.0,108.0,1.0,108.0,1.0
T004,Hebrews 11:1,explicit_single_verse,tool_mediated,108,102.0,0.944444,106.0,0.981481,102.0,0.944444
T005,John 14:6,explicit_single_verse,deterministic_rendering,108,100.0,0.925926,108.0,1.0,108.0,1.0
T005,John 14:6,explicit_single_verse,native_parametric,108,12.0,0.111111,12.0,0.111111,12.0,0.111111
T005,John 14:6,explicit_single_verse,source_supplied,108,98.0,0.907407,98.0,0.907407,98.0,0.907407
T005,John 14:6,explicit_single_verse,tool_mediated,108,92.0,0.851852,94.0,0.87037,92.0,0.851852
T006,Psalm 23:1-3,explicit_short_passage,deterministic_rendering,108,65.0,0.601852,77.0,0.712963,77.0,0.712963
T006,Psalm 23:1-3,explicit_short_passage,native_parametric,108,12.0,0.111111,12.0,0.111111,12.0,0.111111
T006,Psalm 23:1-3,explicit_short_passage,source_supplied,108,79.0,0.731481,79.0,0.731481,79.0,0.731481
T006,Psalm 23:1-3,explicit_short_passage,tool_mediated,108,37.0,0.342593,39.0,0.361111,37.0,0.342593
T007,Proverbs 3:5-6,explicit_short_passage,deterministic_rendering,108,101.0,0.935185,107.0,0.990741,107.0,0.990741
T007,Proverbs 3:5-6,explicit_short_passage,native_parametric,108,33.0,0.305556,33.0,0.305556,33.0,0.305556
T007,Proverbs 3:5-6,explicit_short_passage,source_supplied,108,107.0,0.990741,107.0,0.990741,107.0,0.990741
T007,Proverbs 3:5-6,explicit_short_passage,tool_mediated,108,99.0,0.916667,100.0,0.925926,99.0,0.916667
T008,Ephesians 2:8-9,explicit_short_passage,deterministic_rendering,108,97.0,0.898148,108.0,1.0,108.0,1.0
T008,Ephesians 2:8-9,explicit_short_passage,native_parametric,108,38.0,0.351852,38.0,0.351852,38.0,0.351852
T008,Ephesians 2:8-9,explicit_short_passage,source_supplied,108,107.0,0.990741,107.0,0.990741,107.0,0.990741
T008,Ephesians 2:8-9,explicit_short_passage,tool_mediated,108,102.0,0.944444,105.0,0.972222,102.0,0.944444
T009,Philippians 4:6-7,explicit_short_passage,deterministic_rendering,108,98.0,0.907407,108.0,1.0,108.0,1.0
T009,Philippians 4:6-7,explicit_short_passage,native_parametric,108,50.0,0.462963,50.0,0.462963,50.0,0.462963
T009,Philippians 4:6-7,explicit_short_passage,source_supplied,108,108.0,1.0,108.0,1.0,108.0,1.0
T009,Philippians 4:6-7,explicit_short_passage,tool_mediated,108,103.0,0.953704,105.0,0.972222,103.0,0.953704
T010,Deuteronomy 6:4-5,explicit_short_passage,deterministic_rendering,108,104.0,0.962963,108.0,1.0,108.0,1.0
T010,Deuteronomy 6:4-5,explicit_short_passage,native_parametric,108,15.0,0.138889,15.0,0.138889,15.0,0.138889
T010,Deuteronomy 6:4-5,explicit_short_passage,source_supplied,108,108.0,1.0,108.0,1.0,108.0,1.0
T010,Deuteronomy 6:4-5,explicit_short_passage,tool_mediated,108,103.0,0.953704,106.0,0.981481,103.0,0.953704
T011,Matthew 5:3-10,long_passage_guardrail_probe,deterministic_rendering,108,87.0,0.805556,93.0,0.861111,93.0,0.861111
T011,Matthew 5:3-10,long_passage_guardrail_probe,native_parametric,108,4.0,0.037037,4.0,0.037037,4.0,0.037037
T011,Matthew 5:3-10,long_passage_guardrail_probe,source_supplied,108,60.0,0.555556,60.0,0.555556,60.0,0.555556
T011,Matthew 5:3-10,long_passage_guardrail_probe,tool_mediated,108,64.0,0.592593,66.0,0.611111,64.0,0.592593
T012,1 Corinthians 13:4-7,long_passage_guardrail_probe,deterministic_rendering,108,91.0,0.842593,102.0,0.944444,102.0,0.944444
T012,1 Corinthians 13:4-7,long_passage_guardrail_probe,native_parametric,108,10.0,0.092593,10.0,0.092593,10.0,0.092593
T012,1 Corinthians 13:4-7,long_passage_guardrail_probe,source_supplied,108,107.0,0.990741,107.0,0.990741,107.0,0.990741
T012,1 Corinthians 13:4-7,long_passage_guardrail_probe,tool_mediated,108,88.0,0.814815,90.0,0.833333,88.0,0.814815
T013,Isaiah 53:4-6,long_passage_guardrail_probe,deterministic_rendering,108,95.0,0.87963,107.0,0.990741,107.0,0.990741
T013,Isaiah 53:4-6,long_passage_guardrail_probe,native_parametric,108,0.0,0.0,0.0,0.0,0.0,0.0
T013,Isaiah 53:4-6,long_passage_guardrail_probe,source_supplied,108,104.0,0.962963,104.0,0.962963,104.0,0.962963
T013,Isaiah 53:4-6,long_passage_guardrail_probe,tool_mediated,108,99.0,0.916667,100.0,0.925926,99.0,0.916667
T014,Revelation 21:1-4,long_passage_guardrail_probe,deterministic_rendering,108,72.0,0.666667,79.0,0.731481,79.0,0.731481
T014,Revelation 21:1-4,long_passage_guardrail_probe,native_parametric,108,1.0,0.009259,1.0,0.009259,1.0,0.009259
T014,Revelation 21:1-4,long_passage_guardrail_probe,source_supplied,108,101.0,0.935185,101.0,0.935185,101.0,0.935185
T014,Revelation 21:1-4,long_passage_guardrail_probe,tool_mediated,108,73.0,0.675926,74.0,0.685185,73.0,0.675926
T015,Matthew 22:37-40,long_passage_guardrail_probe,deterministic_rendering,108,50.0,0.462963,61.0,0.564815,61.0,0.564815
T015,Matthew 22:37-40,long_passage_guardrail_probe,native_parametric,108,14.0,0.12963,14.0,0.12963,14.0,0.12963
T015,Matthew 22:37-40,long_passage_guardrail_probe,source_supplied,108,92.0,0.851852,92.0,0.851852,92.0,0.851852
T015,Matthew 22:37-40,long_passage_guardrail_probe,tool_mediated,108,45.0,0.416667,46.0,0.425926,45.0,0.416667
T016,Numbers 21:8-9,indirect_event_reference,deterministic_rendering,108,98.0,0.907407,104.0,0.962963,104.0,0.962963
T016,Numbers 21:8-9,indirect_event_reference,native_parametric,108,7.0,0.064815,7.0,0.064815,7.0,0.064815
T016,Numbers 21:8-9,indirect_event_reference,source_supplied,108,103.0,0.953704,103.0,0.953704,103.0,0.953704
T016,Numbers 21:8-9,indirect_event_reference,tool_mediated,108,86.0,0.796296,87.0,0.805556,86.0,0.796296
T017,John 3:14-15,indirect_event_reference,deterministic_rendering,108,99.0,0.916667,107.0,0.990741,107.0,0.990741
T017,John 3:14-15,indirect_event_reference,native_parametric,108,48.0,0.444444,48.0,0.444444,48.0,0.444444
T017,John 3:14-15,indirect_event_reference,source_supplied,108,108.0,1.0,108.0,1.0,108.0,1.0
T017,John 3:14-15,indirect_event_reference,tool_mediated,108,104.0,0.962963,107.0,0.990741,104.0,0.962963
T018,Luke 2:10-12,indirect_event_reference,deterministic_rendering,108,67.0,0.62037,72.0,0.666667,72.0,0.666667
T018,Luke 2:10-12,indirect_event_reference,native_parametric,108,16.0,0.148148,16.0,0.148148,16.0,0.148148
T018,Luke 2:10-12,indirect_event_reference,source_supplied,108,97.0,0.898148,97.0,0.898148,97.0,0.898148
T018,Luke 2:10-12,indirect_event_reference,tool_mediated,108,57.0,0.527778,57.0,0.527778,57.0,0.527778
T019,Micah 6:8,indirect_event_reference,deterministic_rendering,108,100.0,0.925926,108.0,1.0,108.0,1.0
T019,Micah 6:8,indirect_event_reference,native_parametric,108,25.0,0.231481,25.0,0.231481,25.0,0.231481
T019,Micah 6:8,indirect_event_reference,source_supplied,108,107.0,0.990741,107.0,0.990741,107.0,0.990741
T019,Micah 6:8,indirect_event_reference,tool_mediated,108,101.0,0.935185,104.0,0.962963,101.0,0.935185
T020,James 1:5,indirect_event_reference,deterministic_rendering,108,104.0,0.962963,108.0,1.0,108.0,1.0
T020,James 1:5,indirect_event_reference,native_parametric,108,41.0,0.37963,41.0,0.37963,41.0,0.37963
T020,James 1:5,indirect_event_reference,source_supplied,108,108.0,1.0,108.0,1.0,108.0,1.0
T020,James 1:5,indirect_event_reference,tool_mediated,108,102.0,0.944444,105.0,0.972222,102.0,0.944444
