outcome,contrast,adjusted_risk_difference,cluster_robust_standard_error,t19_low,t19_high,target_clusters,observations,model
end_to_end_exact,source_supplied_vs_native_parametric,0.686111,0.03718,0.608292,0.763931,20,8640,linear_probability_fixed_panel_target_cluster_robust
end_to_end_exact,tool_mediated_vs_native_parametric,0.550926,0.04495,0.456844,0.645008,20,8640,linear_probability_fixed_panel_target_cluster_robust
end_to_end_exact,deterministic_rendering_vs_native_parametric,0.589352,0.040949,0.503644,0.67506,20,8640,linear_probability_fixed_panel_target_cluster_robust
final_output_exact,source_supplied_vs_native_parametric,0.686111,0.03718,0.608292,0.763931,20,8640,linear_probability_fixed_panel_target_cluster_robust
final_output_exact,tool_mediated_vs_native_parametric,0.573148,0.043615,0.481861,0.664435,20,8640,linear_probability_fixed_panel_target_cluster_robust
final_output_exact,deterministic_rendering_vs_native_parametric,0.6625,0.041193,0.576283,0.748717,20,8640,linear_probability_fixed_panel_target_cluster_robust
parser_adjusted_end_to_end_exact,source_supplied_vs_native_parametric,0.686111,0.03718,0.608292,0.763931,20,8640,linear_probability_fixed_panel_target_cluster_robust
parser_adjusted_end_to_end_exact,tool_mediated_vs_native_parametric,0.550926,0.04495,0.456844,0.645008,20,8640,linear_probability_fixed_panel_target_cluster_robust
parser_adjusted_end_to_end_exact,deterministic_rendering_vs_native_parametric,0.6625,0.041193,0.576283,0.748717,20,8640,linear_probability_fixed_panel_target_cluster_robust
