delegation_policy,user_pressure,conditional_metric,successes,observations,rate
overall,all,correct_reference_given_delegation,3264,3664,0.8908296943231441
overall,all,source_result_used_given_correct_reference,3067,3264,0.9396446078431373
overall,all,quote_span_exact_given_correct_reference,3053,3264,0.9353553921568627
overall,all,final_output_exact_given_correct_reference,3052,3264,0.9350490196078431
overall,all,quote_span_exact_given_bypass,616,1136,0.5422535211267606
available,neutral,correct_reference_given_delegation,1006,1141,0.8816827344434707
available,neutral,source_result_used_given_correct_reference,935,1006,0.9294234592445328
available,neutral,quote_span_exact_given_correct_reference,931,1006,0.9254473161033797
available,neutral,final_output_exact_given_correct_reference,931,1006,0.9254473161033797
available,neutral,quote_span_exact_given_bypass,39,59,0.6610169491525424
available,discourage_source,correct_reference_given_delegation,331,367,0.9019073569482289
available,discourage_source,source_result_used_given_correct_reference,296,331,0.8942598187311178
available,discourage_source,quote_span_exact_given_correct_reference,286,331,0.8640483383685801
available,discourage_source,final_output_exact_given_correct_reference,285,331,0.8610271903323263
available,discourage_source,quote_span_exact_given_bypass,447,833,0.5366146458583433
source_required,neutral,correct_reference_given_delegation,1015,1140,0.8903508771929824
source_required,neutral,source_result_used_given_correct_reference,967,1015,0.9527093596059113
source_required,neutral,quote_span_exact_given_correct_reference,967,1015,0.9527093596059113
source_required,neutral,final_output_exact_given_correct_reference,967,1015,0.9527093596059113
source_required,neutral,quote_span_exact_given_bypass,44,60,0.7333333333333333
source_required,discourage_source,correct_reference_given_delegation,912,1016,0.8976377952755905
source_required,discourage_source,source_result_used_given_correct_reference,869,912,0.9528508771929824
source_required,discourage_source,quote_span_exact_given_correct_reference,869,912,0.9528508771929824
source_required,discourage_source,final_output_exact_given_correct_reference,869,912,0.9528508771929824
source_required,discourage_source,quote_span_exact_given_bypass,86,184,0.4673913043478261
