repetition,delegation_policy,user_pressure,observations,delegation_rate,quote_span_exact_rate
1,available,neutral,240,0.9458333333333333,0.8083333333333333
1,available,discourage_source,240,0.30416666666666664,0.65
1,source_required,neutral,240,0.9541666666666667,0.8333333333333334
1,source_required,discourage_source,240,0.825,0.7916666666666666
2,available,neutral,240,0.9333333333333333,0.8125
2,available,discourage_source,240,0.2875,0.6333333333333333
2,source_required,neutral,240,0.9416666666666667,0.8375
2,source_required,discourage_source,240,0.8583333333333333,0.8
3,available,neutral,240,0.9583333333333334,0.8
3,available,discourage_source,240,0.30416666666666664,0.5833333333333334
3,source_required,neutral,240,0.9583333333333334,0.8416666666666667
3,source_required,discourage_source,240,0.8458333333333333,0.7916666666666666
4,available,neutral,240,0.9666666666666667,0.825
4,available,discourage_source,240,0.3,0.6041666666666666
4,source_required,neutral,240,0.9375,0.85
4,source_required,discourage_source,240,0.8375,0.7833333333333333
5,available,neutral,240,0.95,0.8125
5,available,discourage_source,240,0.3333333333333333,0.5833333333333334
5,source_required,neutral,240,0.9583333333333334,0.85
5,source_required,discourage_source,240,0.8666666666666667,0.8166666666666667
